fname,summary
test_0,  Ms. Dawson은 #Person1# 에게 사내 메모를 작성하고 배포하라고 요청합니다.                                   
test_1, #Person1# 과 #Person2# 는 교통체증으로 인해 출퇴근에 어려움을 겪고 있다. #Person1# 은 대중교통을 이용하는 것이 더 나은 선택일 수 있다고 제안한다. #Person3# 는 출근할 때 차를 타지 않는 것이 환경에도 좋다고 생각한다.          
test_2,  Kate는 #Person1# 에게 Masha와 Hero가 이혼했다고 말합니다. 그들은 두 달 동안 별거하다가 결국 이혼을 신청했다고 합니다.                         
test_3, #Person1# 은 Brian의 생일을 축하하기 위해 선물을 준비했습니다. #Person2# 는 목걸이가 드레스와 잘 어울린다고 생각합니다.                            
test_4, #Person1# 과 #Person2# 는 올림픽 공원의 크기와 시설에 대해 이야기하고 있다.                                         
test_5," #Person1# 은 #Person2# 에게 사업 계획서를 작성하고 투자자를 모으는 것이 어렵지 않다고 말합니다. #Person1# 는 사업 계획을 설명하고 사업 아이디어를 어떻게 실현할지 설명할 수 있어야 하며, 금융 분석과 사업 시작의 번거로움을 피할 수 있다고 조언합니다.      "
test_6, #Person1# 은 수두에 걸렸다. #Person2# 는 #Person1# 에게 가까이 오지 말라고 경고한다.                                      
test_7, #Person2# 는 세탁 서비스 요금에 추가된 30달러를 청구하기 위해 #Person1# 에게 도움을 요청합니다.                                    
test_8,  스티븐은 아내가 비서와 바람피운 것을 알게 되어 이혼을 결심합니다. #Person1# 은 그녀에게 설득할 것입니다.                                  
test_9, #Person2# 는 #Person1# 에게 아브라함 링컨이 인품이 뛰어나고 자신의 목표를 포기하지 않은 점을 높이 평가한다고 말합니다.                              
test_10, #Person2# 는 #Person1# 에게 허베이가 심한 황사로 인해 6급 강풍을 동반한다고 말합니다. 황사가 호흡기 감염을 유발한다고 합니다.                           
test_11,"  Francis는 생일 파티에 원격 조종 자동차 모델을 초대했고, #Person1# 은 그 차를 마음에 들어 했다.                                 "
test_12,  Steven은 Tony에게 부정행위를 한 것을 부끄러워하며 열심히 공부하라고 조언한다.                                    
test_13,  톰은 8시 50분에 기차를 타야 해서 급하게 서두르고 있습니다.                                         
test_14, #Person1# 은 #Person2# 에게 자신의 삶을 어떻게 조정해야 할지 조언을 구합니다.                                         
test_15, #Person1# 은 #Person2# 에게 Ruojia가 오늘 밤 파티에 갈 것이라고 알린다. #Person1# 는 그녀의 트위터에서 그 소식을 보고 이메일을 확인한다. 그들은 와인잔과 결혼 축하 카드를 구매할 예정이다.            
test_16," #Person2# 는 #Person1# 에게 스트립을 잡아당기고, 뒷면을 떼어내면 된다고 설명합니다. 하지만 두 사람은 서로 친구가 될 자격이 없다고 생각합니다.                         "
test_17, #Person1# 은 #Person2# 에게 자신의 여동생에 대해 이야기합니다.                                            
test_18, #Person1# 은 머리가 아파서 #Person2# 에게 도움을 요청합니다.                                             
test_19," #Person1# 은 새 휴대폰을 구매하고 싶어하며, #Person2# 는 카메라와 MP3 플레이어 모델을 추천합니다.                                   "
test_20,"  주디는는 프랭크에게 새 직장이 업무 일정이 빡빡하다고 말하며, 직원들이 직원들에게 좋은 건강보험 혜택을 제공한다고 설명한다.                            "
test_21, #Person2# 는 #Person1# 에게 컴퓨터 프로그램 작성 및 비서 업무를 수행할 수 있는 특별한 기술과 IBM-PC에 대한 경험이 있다고 설명합니다.                             
test_22," #Person1# 이 미디엄 레어 스테이크를 주문했으나, #Person2# 가 너무 익고 질기다고 하여 #Person1# 은 다른 메뉴를 가져다 달라고 요청합니다.                         "
test_23,  Tom은 #Person1# 의 소설이 노벨상을 받았다는 소식을 듣고 기뻐합니다.                                         
test_24, #Person2# 는 #Person1# 에게 자신이 학생 엔지니어로 다양한 재료의 기계적 강도와 부식 저항성에 대해 연구한 경력이 있다고 설명합니다.                          
test_25," #Person2# 는 일주일에 두세 번 술을 마십니다. #Person1# 은 보통 밤새 두 잔을 마시며, 에브에 있는 단테는 월요일에 5달러짜리 피처를 판매합니다. #Person2# 은 램 바 & 그릴에서 피처 프로모션을 하기로 했습니다. "
test_26,"  메이에게 엄마가 다니엘에게 소풍을 준비하는 것을 도와달라고 요청합니다. 엄마는 냅킨과 일회용 접시, 컵, 소풍용 담요를 준비했습니다.                       "
test_27,  James는 Muriel Douglas를 새 계정으로 만나 인사를 나누고 Tahoe에서 스키를 타러 갔던 경험을 공유합니다.                      
test_28, #Person1# 은 바보 같은 여자아이가 ATM에서 돈을 찾고 있습니다. #Person2# 는 #Person1# 에게 세계 야생동물 재단의 비밀번호를 입력하고 우물 정자를 눌러 돈을 인출할 수 있도록 도와줍니다.             
test_29, #Person1# 은 #Person2# 에게 사교적인 사람으로서 직장 동료들과의 대화에서 진심을 전하는 것이 중요하다고 설명합니다.                                  
test_30," #Person1# 은 Mr. Polly에게 가게에서 한 병의 음료수를 사달라고 요청했지만, Ms.Polley는 거절했습니다.                          "
test_31,  프랜시스는 모니카에게 재무 보고서를 금요일 오후 1시부터 4시까지 작업할 수 있는지 문의합니다.                                   
test_32," #Person2# 는 다음 주 인터뷰를 준비하기 위해 워크숍에 참가합니다. #Person1# 은 깔끔하고 적절한 옷차림, 태도, 친절함, 그리고 정직하게 답변하는 것이 중요하다고 조언합니다.                         "
test_33,"  컷은 Mike에게 더 많은 분노를 보고 싶다고 말하며, Jason과 Laura는 그녀의 반응 방식에 따라 반응한다고 설명합니다.                            "
test_34,  Mrs. Todd는 아내가 쇼핑을 가자고 해서 #Person1# 에게 인사를 하기 위해 방문했다고 설명합니다.                                     
test_35,"  빌은 이번 주에 매일 밤 열 시까지 일했고, 오늘은 집에 가서 푹 쉬기로 했습니다. #Person1# 의 형은 출장으로 인해 바쁘고, #Person2# 는 형이 미국에서 돌아왔다고 말합니다.                       "
test_36,"  Simon은 핵무기 확산을 막기 위한 시위에 참석할 예정이지만, #Person1# 은 시위가 정치인들의 생각을 바꾼다고 생각합니다. 그들은 평화로운 시위로 이끌 계획이며, 여동생을 만나러 갈 예정입니다.                  "
test_37, #Person1# 은 #Person2# 에게 누군가가 문을 두드리며 '전기'나 '가스'라고 하면 괜찮다고 생각하게 된다고 설명합니다.                                    
test_38, #Person1# 은 Maggie에게 도서관에서 복사할 수 있는 역사 노트를 빌리자고 제안합니다. #Person2# 는 수업에 피곤해서 노트가 필요하다고 말합니다. 그들은 함께 스터디를 하기로 합니다.                    
test_39," #Person1# 은 지질학 고급 과목을 다시 수강하고 싶어 합니다. Turner 교수는 #Person1# 에게 Burman 교수님의 수업을 수강할 수 있는지 묻고, 준비되었다고 판단하여 등록을 허락합니다.                  "
test_40, #Person1# 은 펜던트를 깨뜨려 #Person2# 에게 새 것으로 교환해 달라고 요청합니다.                                           
test_41, #Person1# 은 #Person2# 에게 이모가 준 스웨터가 너무 화려하다고 불평합니다. #Person1# 는 박싱 데이를 맞아 선물을 더 좋은 것으로 바꿀지 결정해야 한다고 말합니다.                          
test_42, #Person2# 는 미디어 업계에서 일하는 것이 재미있을 것 같아 TV 뉴스 디렉터가 되고 싶어합니다. #Person1# 은 잡지에 글을 쓰는 것을 제안합니다.                                 
test_43," #Person1# 과 #Person2# 는 데일리 뉴스에서 일하고 있습니다. #Person1# 은 지루해하지만 나한텐 여기 있는 것이 중요하다고 생각합니다. 그들은 아이팟, 헤드폰, 옛날 신문을 읽고 게임을 하자고 제안합니다.                    "
test_44,  사라는 #Person1# 에게 도시 중심지에서 멀리 떨어진 집을 사는 것이 비용을 절약할 수 있다고 조언합니다. #Person2# 의 시누이와 남편의 남편은 만족하고 있습니다.                              
test_45,  Mark Leach는 런던 관광청의 관광 사무소에서 정보 담당관으로 일하며 방문객들에게 13개의 언어로 관광 정보를 제공합니다. 그는 런던에서의 당일 여행과 2주간 여행을 계획하는 데 도움을 줍니다.                 
test_46,  Lin Fang은 #Person1# 에게 자신이 좋아하는 과목과 좋아하는 두 번째 과목에 대해 이야기합니다.                                         
test_47,"  James는 Mrs. Thomas에게 집안일을 도와주고, 주말에 자전거를 사러 갈 예정입니다.                                   "
test_48," #Person1# 과 #Person2# 는 봄이 왔다고 생각하지만, 밤에는 여전히 더운 날씨로 인해 아파트가 얼어붙을 것 같다고 이야기합니다.                                 "
test_49,"  컷은 Mike에게 그녀가 더 이상 그녀를 보지 않기를 원한다고 말합니다. Mickel은 Jason과 Laura의 반응이 화와 슬픔이 동시에 나와야 한다고 주장하지만, #Person1# 은 그 의견에 동의하지 않습니다.         "
test_50," #Person1# 은 #Person2# 에게 프렌드쉽 호텔로 가라고 요청하고, 요금이 미터기에 15위안이라고 알려줍니다.                                   "
test_51, #Person1# 은 #Person2# 에게 다른 버스를 타기 위해 필요한 잔돈을 빌려달라고 요청합니다.                                           
test_52," #Person2# 는 #Person1# 에게 시내에서 차로 15분 거리에 있으며, 7층짜리 건물의 6층과 7층을 사용하고 있다고 설명합니다.                                   "
test_53, #Person1# 은 #Person2# 에게 Lulu가 Vic과 헤어져 전근 신청까지 했다고 전합니다.                                        
test_54,  데이브 톰슨이 샐리에게 전화를 걸어 짐이 아직 돌아오지 않았다고 알린다.                                          
test_55, #Person2# 가 #Person1# 에게 시청 가는 길을 안내합니다. #Person2# 는 세 블록 걸어서 센터 스트리트로 좌회전하고 왼쪽에 시청이 보인다고 설명합니다.                            
test_56," #Person1# 은 여권을 잃어버려 #Person2# 에게 도움을 요청합니다. 여권은 백화점 신발 코너에서 발견되었지만, 여권이 발견되지 않았습니다. #Person1# 이 분실물 보고서를 작성해 줍니다.                      "
test_57,  Leah는 Ms. Collins가 전화를 받지 못해 다음 주까지 돌아오지 못할 것 같다고 Nathaniel에게 알립니다. Leheld는 다른 사람과 약속을 잡기 위해 오전 11시 30분에 Mr. Liu와 통화할 예정입니다. 
test_58, #Person1# 과 #Person2# 는 Dick의 결혼 거절에 대해 놀랐습니다. #Person1# 은 #Person3# 에게 Sarah가 왜 그녀를 사랑하지 않는지 이해할 수 없다고 말합니다.                        
test_59, #Person1# 과 #Person2# 는 파티에서 만난 매력적인 여자들에 대해 이야기하고 있습니다. #Person1# 은 Janice에게 용기를 내라고 조언합니다.                                  
test_60,  Jack은 이번 학기 수업 중 정치학 수업을 가장 좋아한다. #Person1# 은 비즈니스 커뮤니케이션 수업을 추천한다.                                       
test_61," #Person1# 과 #Person2# 는 베이징의 날씨에 대해 이야기합니다. #Person1# 은 비와 먼지, 그리고 봄을 언급하며 봄은 따뜻하고 짧다고 말합니다.                              "
test_62," #Person1# 은 #Person2# 에게 공포 영화 대신 탐정 영화를 보자고 제안하지만, #Person1# 는 로맨스는 지루하다고 생각하여 전쟁 영화로 가기로 결정한다.                              "
test_63,"  Adam은 #Person1# 에게 학교 건물, 학교 남쪽에 있는 도서관, 수영장, 그리고 자신의 학교에 대해 설명한다.                                     "
test_64," #Person1# 은 #Person2# 에게 임신 소식을 전하며, 곧 아기가 생길 것이라고 말한다.                                        "
test_65, #Person2# 는 #Person1# 에게 John이 일주일에 일곱 번 그녀와 데이트를 한다고 말합니다.                                   
test_66," #Person2# 는 #Person1# 에게 소프트웨어에 그림 그리기 프로그램을 추가하고, 빠른 프로세서, 더 강력한 하드 디스크, 더 많은 메모리, 더 빠른 모뎀, CD-ROM 드라이브를 추가하라고 제안합니다.              "
test_67," #Person2# 는 #Person1# 에게 중국에서 왔다고 말합니다. #Person2# 의 나이는 26살이며, 멕시코 출신이며 콜롬비아 출신입니다. 그녀는 스페인어를 할 줄 압니다.                       "
test_68, #Person1# 은 #Person2# 에게 다이어트를 통해 체중을 감량하고 운동 수업을 가보라고 제안합니다.                                    
test_69,  James는 식당 홀의 창가 자리를 예약했으나 방이 준비되지 않았습니다. 웨이트리스가 그를 안내합니다.                                
test_70," #Person2# 는 #Person1# 에게 75,000 평방미터의 면적과 500명의 직원이 근무한다고 설명합니다. #Person2# 은 곧 50주년을 맞이할 예정입니다.                          "
test_71,"  Rebecca는 대학 졸업 후 첫 직장이 York Herald라는 지역 신문이었으며, 주니어 로컬 뉴스 리포터로 2년 동안 머물렀습니다. 2006년에 그곳을 떠나 런던에 기반을 둔 전국 신문사에서 자리를 찾았습니다.   "
test_72," #Person1# 과 #Person2# 는 조별 발표를 위해 문구점에 갈 예정입니다. #Person1# 은 쇼핑 리스트 작성을 제안합니다. 그들은 마커, 색연필, 가위 한 쌍, 형광펜, 자, 종이클립을 사기 위해 3번 선반에서 쇼핑하기로 결정합니다. "
test_73,"  Mary는 #Person1# 에게 인터넷으로 취직 지원 방법을 설명하고, 공식적인 구직 사이트에 접속하는 것을 제안합니다.                               "
test_74," #Person1# 은 쇼핑 예산을 짜고 있으며, 한 달에 300달러를 소비해야 합니다. #Person2# 는 고지서를 내야 한다고 설명합니다.                                 "
test_75,  Jane은 병원에 가기 위해 7번 버스를 타야 한다. Henry는 그녀의 병문안을 도와준다.                               
test_76, #Person1# 은 #Person2# 와 내년 판매 예측에 대해 논의하기 위해 수요일 오전에 만나기로 했습니다.                                    
test_77," #Person1# 은 뉴욕에 처음 가는데 관광 안내원이 없어서 불안해합니다. #Person2# 는 #Person1# 에게 '뉴욕에서의 친구'라는 서비스를 소개하고, 설문지를 통해 예산에 맞춰 완벽한 여행 일정을 만들어준다고 설명합니다.              "
test_78," #Person1# 은 Mr. Jackson의 회사에 대해 알고 싶어 하고, #Person2# 는 영업부에서 일하고 싶다고 제안합니다. #Person1# 는 월 2,000 위안의 연봉과 보너스, 보험, 건강 보험에 대해 설명합니다.          "
test_79," #Person1# 은 계약서에 서명하기 위해 왔고, #Person2# 는 계약서가 준비되지 않았다고 설명합니다. 그들은 계약서 초안을 검토한 후 오늘 저녁에 계약서를 작성하기로 했습니다.                     "
test_80, #Person2# 는 #Person1# 에게 국경 근처에서 발생한 교통사고에 대해 설명합니다.                                          
test_81, #Person1# 이 #Person2# 에게 학교 보건실로 가는 길을 안내합니다.                                            
test_82," #Person1# 은 #Person2# 에게 방을 바꾸고 싶다고 말하며, 내일 아침에 빈 방이 없다고 알립니다. #Person1# 이 내일 저녁에 조용한 스위트에서 지내고 푹 잘 수 있기를 바랍니다.                "
test_83," #Person1# 은 #Person2# 의 짐을 트렁크에 넣고, 베이징 호텔에서 저녁 연회에 초대합니다.                                      "
test_84, #Person1# 은 #Person2# 에게 유이창으로 가는 길을 안내합니다.                                           
test_85," #Person1# 은 #Person2# 에게 Mr. Li에게 조언을 구했지만 해결되지 않자, 수리공에게 연락해 문제를 해결하기로 했다.                            "
test_86, #Person1# 은 어머니 생신 선물로 금색 시계를 찾고 있습니다. #Person2# 는 #Person1# 에게 숫자가 크고 명확한 새 시계가 필요하다고 제안합니다.                           
test_87,"  Ms. Ross는 Mr. Fisher에게 전화 대신 직접 만나 대화를 나누고, 발표 날짜와 시간을 확인합니다. 그들은 발표 전에 커피, 스낵 뷔페를 준비하기로 결정합니다.              "
test_88," #Person2# 는 #Person1# 에게 러시아와 캐나다의 차이점에 대해 설명합니다. 러시아에서는 모든 것이 빠르게 진행되지만, 캐나다에서는 은행 가는 데 몇 시간이 걸린다고 합니다. #Person2# 의 가족은 캐나다 사람들이 더 빠르게 행동한다고 말합니다.           "
test_89," #Person2# 는 #Person1# 에게 카리브해로 여행을 가자고 제안하지만, 날씨가 가끔 좋지 않습니다.                                    "
test_90," #Person1# 은 소풍을 위해 오렌지와 바나나를 가져가려 하고, #Person2# 는 포도나 사과를 가져가는 것을 제안합니다.                               "
test_91, #Person2# 는 #Person1# 에게 경제형 차량 렌트 비용과 운전면허증을 제시합니다.                                      
test_92," #Person1# 은 엘리베이터에서 웃으면 다른 사람들을 불편하게 만들 수 있다고 생각하지만, #Person2# 는 무표정한 사람들을 싫어합니다.                                "
test_93," #Person1# 은 #Person2# 에게 작년 판매 실적이 좋았다고 말하며, Wallace가 사장이 된 이후로 회사 성과가 좋아지고 있다고 설명합니다.                             "
test_94, #Person1# 은 택시에서 가방을 도난당했습니다. #Person2# 는 #Person1# 에게 돈을 빌려달라고 요청합니다.   는 금요일에 갚을 예정입니다.                          
test_95,"  Lin은 Steven에게 베이징의 훌륭한 식사 경험을 공유하고, 중국에서는 팁이 일반적이지 않다고 설명한다.                                "
test_96,"  빌은 룸메이트와 헤어졌고, Brain Locker에게 이사 소식을 전합니다.                                          "
test_97,  Tom Wilson은 호텔에서 4박 동안 식사 요금을 신용카드로 결제했습니다.                                             
test_98,"  수잔은 캐롤에게 샤워 중이라 중요한 파티가 내일 밤 8시 반에 열릴 것이라고 전하고, #Person1# 에게 디저트를 가져오라고 요청합니다.                             "
test_99," #Person1# 은 예전에 Common Fitness Gym에서 일한 적이 있으며, #Person2# 는 #Person1# 에게 모퉁이에 있는 Whole Bean Cafe에 가보라고 권유합니다.                "
test_100," #Person2# 는 #Person1# 에게 그가 다시 대통령이 되는 것을 상상할 수 없으며, 그가 미국을 다시 위대하게 만들 것이라고 확신한다고 말합니다.                                   "
test_101, #Person1# 은 ATM을 사용할 방법을 몰라 고민하고 있다. #Person2# 는 #Person1# 에게 기계에 카드를 넣고 비밀번호를 입력하라고 조언한다.                                  
test_102,  수잔 밀러는 John에게 사무실 절차에 관한 메모를 비서에게 전달하고 싶어 한다.                                          
test_103,  Lily는 #Person1# 에게 소풍을 제안하며 편한 옷과 걷기 좋은 신발을 준비하라고 한다.                                       
test_104," #Person1# 은 #Person2# 에게 중국 연회에서 젓가락을 사용하는 방법과 중국 식탁에서의 테이블 예절에 대해 묻습니다. #Person1# 이 찌가락을 그릇이나 접시에 가로놓지 않도록 주의를 주지만, #Person3# 는 그것이 죽은 사람에게 바치는 향 두 개를 닮아 불길하다고 생각합니다.  "
test_105,  Mary와 Frank는 서로 좋아하는 영화 장르에 대해 이야기한다. 그들은 영화 대여점에 가서 신작을 찾을 계획이다.                                     
test_106," #Person1# 은 #Person2# 에게 녹색당에 가입할 의향이 있는지 묻습니다. #Person1# 는 녹색당이 선거에서 이길 가능성은 없다고 생각하지만, 큰 정치 단체나 압력 단체도 큰 정당에 영향을 미칠 수 있다고 설명합니다.                   "
test_107," #Person1# 은 Wilson 씨에게 사과하고, 사과 후 책임을 묻겠다고 약속합니다.                                              "
test_108, #Person2# 는 강도 사건을 목격했습니다. #Person1# 은 #Person2# 에게 경찰서에 와달라고 요청합니다.                                            
test_109," #Person2# 는 #Person1# 에게 아빠가 엄마와 외식하러 갔다고 말하고, #Person2# 의 엄마는 아빠와 저녁을 먹으러 간다고 한다.                                 "
test_110, #Person1# 은 새해 결심으로 다이어트를 하기로 했습니다. #Person2# 는 #Person1# 에게 정크푸드와 튀긴 음식을 끊고 새로운 식습관을 만들 것이라고 말합니다.                             
test_111,"  Karen Huang은 터치톤 등록 시스템을 통해 Comp Lit 287 수업에 등록하려 했으나, 컴퓨터가 승인하지 않아 등록이 불가능합니다. #Person1# 은 전화로 등록을 시도했지만 이미 만원이어서 #Person2# 에게 안내를 따라야 한다고 안내합니다.     "
test_112, #Person1# 이 우산을 쓰고 #Person2# 에게 함께 가자고 제안합니다.                                                 
test_113,"  Daisy가 Jack에게 자신의 새로운 차를 태워달라고 요청합니다. Jeck은 가격이 비싸다고 생각하지만, Douisi는 자신이 가진 것 중 가장 빠른 차라고 설명합니다.                      "
test_114," #Person1# 은 큰불이 밤에 일어났다고 생각하지만, #Person2# 는 정확한 시간이 없다고 설명합니다.                                              "
test_115," #Person2# 가 남편이 계산하려 하자 #Person1# 이 계산대까지 안내합니다. #Person2# 는 현금 900위안을 제공하고, 신용카드로 계산합니다.                                   "
test_116, #Person2# 는 #Person1# 의 도움으로 일반 세차 패키지를 선택합니다.                                                 
test_117,"  해리는 아내와 함께 이집트로 휴가를 갈 계획이다. #Person1# 은 해리에게 배로 갈지, 비행기로 갈지 결정하라고 조언한다.                                  "
test_118,"  Johnson은 새로운 회원으로서 #Person1# 에게 웨이트 사용법을 설명합니다. #Person2# 는 스트레칭을 잘 하고 각 기계의 진도를 추적할 수 있는 카드를 준비하고, 멤버십 카드를 발급받습니다. 또한, 각 기계에서 얼마나 무게를 사용하는지 기록하기 위해 체크인 카드를 제공합니다. "
test_119," #Person2# 는 #Person1# 에게 회사가 문을 닫아 실직 중이며, 먹고 살 정도의 일이라도 있으면 좋겠다고 말합니다. 그들은 전기 기술자 프로그램에 지원할 계획입니다.                               "
test_120, #Person1# 은 #Person2# 에게 강아지 밥과 목욕 서비스를 제공합니다.                                                 
test_121, #Person1# 은 집주인 아주머니께 받은 200달러 빚이 있어 #Person2# 에게 돈을 빌려달라고 요청합니다. #Person1# 는 월요일에 돈을 빌리기로 결정합니다.                             
test_122, #Person1# 은 #Person2# 에게 자선 단체에서 일한 경험과 사회 활동을 통해 배운 점을 이야기합니다.                                           
test_123, #Person1# 은 #Person2# 에게 연락할 수 있는 방법을 문의합니다.                                                  
test_124, #Person1# 은 호텔에서 가장 잘 나가는 중국 요리로 모우탄과 베이징 오리 구이를 추천합니다.                                            
test_125,  Dan은 Angela에게 어제 샤워 중이었으며 친구가 다음 주에 결혼한다고 말했기 때문에 함께 결혼식에 가기로 했다고 전한다. 그들은 Megan을 데리러 갈 예정이다.                   
test_126," #Person2# 는 전통 그리스 요거트를 먼저 먹어보고 싶어 하고, #Person1# 은 이탈리아 티라미수와 튀긴 바나나를 시도해 보려고 합니다.                                 "
test_127,  Smith 씨는 #Person1# 에게 예일 대학교와 경제학을 전공했다고 설명합니다.                                            
test_128, #Person1# 은 조카에게 줄 선물을 고르기 위해 #Person2# 의 도움을 받아 바비 인형을 구매합니다.                                   
test_129, #Person2# 는 #Person1# 의 도움으로 41 사이즈 운동화를 구매합니다.                                         
test_130," #Person1# 은 과학박물관에 가고 싶어 하지만, #Person2# 는 기차역까지 가야 해서 #Person1# 에게 도움을 요청합니다.                               "
test_131,  사이먼은 #Person1# 에게 '단계적 은퇴'라고 불리는 제도에 참여하여 6개월간 일을 쉬고 이전의 회사에서 프로젝트 업무에 지원할 수 있게 되었다고 설명합니다. 그는 또한 회사 웹사이트에 구인 정보를 게시하고 다양한 업무가 게시될 수 있다고 말합니다. 
test_132, #Person1# 은 Rocky에게 파티에 참석하지 말고 집에서 요리하고 아이들 보는 여자를 좋아한다고 말합니다. #Person2# 는 #Person1# 에게 외향적이고 다정하며 사람 차별하지 않는 여자를 선호한다고 설명합니다. 하지만   는 집안일을 하지 않겠다고 합니다. 
test_133," #Person1# 은 #Person2# 에게 어젯밤 폭풍으로 창문 몇 개가 부서졌지만, 큰 나무는 부러지지 않았다고 말합니다.                            "
test_134, #Person1# 은 #Person2# 에게 TV를 보는 것이 지루하다고 말합니다. #Person1# 는 나가서 노는 것이 더 좋다고 생각합니다. 그들은 함께 할 수 있는 활동을 논의하기로 합니다.                    
test_135,"  Ben은 #Person1# 에게 새 학교 수업에 대해 이야기합니다. #Person2# 는 수업 시작 시간, 숙제 내는 시간과 그 전에 시작하는 시간이 있으며, 쉬는 시간은 10분이나 15분이며, 점심시간이 거의 12시라고 설명합니다.          "
test_136,"  Adam은 무릎이 좋지 않다. #Person1# 은 #Person2# 에게 미시간과의 경기를 보고 싶다고 말하고, #Person3# 은 그에게 휴식을 권장한다.                      "
test_137, #Person1# 은 #Person2# 에게 프린터 고장으로 인해 도움을 요청합니다.                                         
test_138, #Person1# 이 커튼을 달기 위해 #Person2# 에게 도움을 요청합니다.                                        
test_139, #Person1# 은 Jack에게 주말 캠핑 일정과 예약 상태를 확인하기 위해 달력을 요청합니다.                                    
test_140, #Person1# 은 #Person2# 에게 산불을 진화하러 갔다가 임신한 것을 알게 되었다고 말합니다. #Person1# 는 임신 사실을 알고 기뻐합니다.                           
test_141," #Person1# 은 딸이 대학 결정을 하지 못해 걱정하고 있으며, #Person2# 는 #Person1# 에게 조언을 구합니다.                                  "
test_142, #Person1# 은 #Person2# 에게 일자리를 잃으면 생계 유지에 어려움을 겪을 것이라고 말합니다. #Person1# 과   는 일자리 잃는 것이 큰 깨달음이 될 수 있다고 생각합니다. 그들은 아파트 계약이 다음 달 만료되면 함께 살기로 합니다.      
test_143," #Person1# 은 #Person2# 에게 에딘버러 대학의 박사과정 학생인 #Person1# 의 친구에 대해 이야기하며, 강연의 주제는 멀티모달 텍스트 생성에 관한 것이다.                    "
test_144, #Person1# 은 John네 집에 가고 싶어 하지만 #Person2# 는 감기에 걸렸다고 말합니다. #Person1# 는 대신 수프를 끓일 예정입니다.                         
test_145,  Mr. Faber는 요크 호텔에 전화하여 7월 23일까지 더블 룸을 예약합니다.                                 
test_146," #Person1# 은 #Person2# 에게 웨스트 더비, 플랫, 그리고 John Godfrey의 사무실을 추천합니다. 그들은 일요일 10일까지 만날 예정입니다.                    "
test_147, #Person1# 은 #Person2# 에게 잘못된 길을 안내한 것에 대해 책임을 묻습니다.                                        
test_148,  Dan은 9월 10일 100대 컴퓨터 주문 건을 확인하기 위해 전화했으나 인력이 부족하여 지연되었습니다. #Person1# 은 Darlene에게 Steve에게 전화해 상황을 전달할 것입니다.             
test_149, #Person1# 과 #Person2# 는 워싱턴 포스트 신문의 사본과 로스앤젤레스 타임스의 역사에 대해 이야기합니다.                                   
test_150, #Person2# 의 컴퓨터에 바이러스가 들어왔습니다. #Person1# 은 #Person2# 에게 이메일 용량을 초과한 파일을 압축해서 보내라고 조언합니다.                         
test_151," #Person2# 는 #Person1# 에게 주말에 함께한 것에 대해 감사를 표하고, 다음에 창사에 오시면 다시 방문할 것이라고 말합니다.                             "
test_152," #Person1# 은 중국 음식을 먹고 싶어 하고, #Person2# 는 Panda Express에 가기로 결정한다.                                "
test_153,  Hans 가구 매장의 메리는 다른 후보자가 더 많은 경험이 있어 영업직을 제안했다고 #Person1# 에게 설명합니다.                               
test_154, #Person1# 은 #Person2# 에게 열 번호로 전화하면 경찰에 신고할 것이라고 말합니다.                                      
test_155, #Person1# 은 음악 교사가 되고 싶어합니다. #Person2# 는 #Person1# 에게 클래식 음악을 좋아하는 이유와 클래식 음악이 뇌에 미치는 영향에 대해 설명합니다. 또한   는 인터넷에서 많은 녹음을 찾아보라고 조언합니다.          
test_156, #Person1# 은 #Person2# 에게 같은 건물에 사는 미국 여자와 데이트를 하고 있다고 말합니다. 그들은 곧 저녁 식사에 초대할 계획입니다.                           
test_157, #Person2# 는 #Person1# 에게 Mirella가 Silicon Valley에서 회의에 참석하고 계속 청바지에 스웨트셔츠를 입고 출근한다고 말합니다. 캘리포니아의 경우 IT 산업의 영향으로 인해 사람들이 더 편한 옷을 입고 일하고 싶어합니다. 
test_158, #Person1# 은 #Person2# 에게 법률 사무소를 차리고 싶다고 말합니다.                                        
test_159,  Peter는 Kate에게 어젯밤에 온라인에서 친구들과 게임을 했다고 말합니다.                                     
test_160," #Person2# 는 #Person1# 에게 배와 보트가 기차, 비행기, 자동차에게 자리를 내주고 있다고 말합니다.                                                 "
test_161,"  Andy는 어젯밤에 끔찍한 악몽을 꿨다. #Person1# 은 유령들이 무덤에서 튀어나오는 것을 보았고, 엄마가 깨워 도움을 요청했다. #Person2# 는 다시 미시간 대학교에 들어갈까 봐 걱정하고 있다.                    "
test_162," #Person1# 과 Ernie는 밴드를 시작할 계획이며, Vanilla Ice 노래를 추천합니다.                                                  "
test_163," #Person2# 는 #Person1# 에게 오늘 밤 뉴올리언스로 여행을 갈 계획이라고 말하고, 강변 저녁 유람선 투어를 제안합니다.                                           "
test_164, #Person2# 는 #Person1# 의 사이즈를 마음에 들어 하여 신용카드로 결제합니다.                                                         
test_165,"  Blake씨가 Foster에게 교육 매뉴얼을 내일 오후에 그의 사무실에 놓고 가겠다고 전해달라고 요청했지만, 인쇄소에서 복사 중이어서 내일 1시 전에 도착할 수 있을지는 미지수입니다.                           "
test_166," #Person1# 은 #Person2# 에게 휴가 동안 어디로 갈지 물어보고, 여행 계획에 대해 설명합니다. 그들은 호텔에서 묵고 현지 음식을 즐기고 파이브 레이크 스트릿과 월 스트리트를 방문할 예정입니다.                             "
test_167," #Person1# 은 #Person2# 에게 파멜라의 비행기를 타라고 재촉하며, 그녀가 없는 동안 그녀를 돌봐 달라고 부탁한다. #Person1# 는 #Person3# 의 친구가 되어줘서 고맙다고 말한다.                                "
test_168, #Person2# 는 #Person1# 에게 77번 도로에서 걸어서 5분 거리에 있는 12번 버스를 타자고 제안합니다.                                                
test_169," #Person2# 는 #Person1# 에게 무슬림들이 메카로 성지순례 가는 이유와 순례에 대해 설명합니다. #Person2# 의 설명에 따르면 무함림들은 평생 최소한 한 번은 하즈를 가야 한다고 믿으며, 매년 많은 사람들이 하즈에 간다고 합니다. 또한, 사람들이 치유받으러 가는 장소로 루르드를 언급합니다. "
test_170, #Person1# 은 #Person2# 에게 중앙 백화점으로 가는 길을 안내합니다.                                                          
test_171, #Person1# 은 #Person2# 에게 다음 주 동안 런던에 함께 가자고 제안합니다. #Person1# 는 기차보다 자동차를 선호합니다. 그들은 고속버스를 타볼 계획도 가지고 있습니다.                                   
test_172,"  톰은 샌드위치를 받았지만 치킨이 익었다. 케서린은 맥도날드와 KFC 같은 유명 브랜드들이 미국에서는 그다지 인기가 없다고 생각한다. 톰도 패스트푸드가 건강에 좋지 않다고 생각하지만, #Person1# 은 그것이 믿기 어려울 수도 있다고 말한다.                "
test_173," #Person1# 은 #Person2# 에게 레모네이드, 바비큐 윙, 베이비 백 립을 주문합니다.                                              "
test_174, #Person1# 은 #Person2# 가 더블 치즈버거와 중간 사이즈 펩시를 주문하도록 도와줍니다.                                                 
test_175," #Person1# 은 #Person2# 에게 반숙 계란과 프라이드 에그를 먹으라고 제안합니다. #Person1# 는 처음에는 거부하지만, 결국 동의합니다.                                         "
test_176, #Person1# 은 #Person2# 에게 그랜드 호텔로 가라고 안내합니다.                                                          
test_177," #Person1# 은 아이들에게 미국 경찰이 어떻게 생겼는지 보여주고 싶어 사진을 찍으려 하지만, #Person2# 는 시간이 오래 걸리진 않기를 바랍니다.                                             "
test_178, #Person2# 는 #Person1# 에게 세 블록 떨어진 곳에 선셋 호텔이 있다고 안내합니다.                                                      
test_179, #Person2# 는 미국에 공부하러 가기 위해 비자를 신청했습니다. #Person1# 은 서류 작성이 어렵고 많은 사람들이 신청이 거절된다고 생각합니다.                                            
test_180,  Anne은 #Person1# 에게 피곤해서 일찍 자고 싶다고 말합니다. #Person2# 는 친구들을 만나기 위해 일찍 자야 한다고 설명합니다.                                        
test_181,  Mary는 #Person1# 에게 인터넷 쇼핑이 편리하고 시간 절약이 된다고 설명한다.                                                    
test_182," #Person2# 는 미국식 회계에 익숙하지 않지만, #Person1# 은 회계 프로세스에 대해 설명합니다.                                                    "
test_183,"  제인은 피터에게 여름 휴가 계획에 대해 묻습니다. 피터는 여름에 시안에 갈 예정이며, 제인과 함께 하얼빈에 가기로 결정합니다.                                        "
test_184," #Person2# 는 딸을 위해 로맨스 영화들을 빌리고 싶어 합니다. #Person1# 은 #Person2# 에게 비디오 대여를 추적하기 위해 발급하는 회원 양식을 설명하고, 신작은 3.50달러에 영화 6편을 대여하며, 총 7달러 50센트를 반납해야 한다고 안내합니다.               "
test_185, #Person1# 은 Mr. Lee에게 소포를 전달하기 위해 #Person2# 에게 서명을 요청합니다.                                                 
test_186," #Person2# 는 #Person1# 에게 공항에서 내일 아침까지 머물 방을 예약해 두었지만, 불을 켜지 않으면 잠을 잘 수 없는 습관이 있다고 설명합니다.                                        "
test_187," #Person1# 이 #Person2# 에게 음식을 대접하자고 제안하지만, #Person1# 은 거절하고 각자 내는 것으로 하자고 한다.                                                 "
test_188, #Person1# 은 성적에 대한 걱정 때문에 잠을 잘 못 자고 있습니다. #Person2# 는 #Person1# 에게 요가 수업을 듣거나 이완 테크닉을 배우는 것이 스트레스 극복에 도움이 될 것이라고 조언합니다. #Person3# 은 또한 음악을 듣는 것도 추천합니다.                        
test_189, #Person1# 은 #Person2# 에게 주방을 확 바꾸고 싶다고 말한다.                                                        
test_190,  Walter와 Sterling은 새 선생님에 대해 이야기한다.                                                        
test_191, #Person1# 은 검사 결과를 확인하기 위해 상담할 수 있는 시간을 예약하고 싶어합니다. #Person2# 는 #Person1# 에게 오늘 오후에 다시 만나자고 제안합니다.                                        
test_192,"  Martin은 Eliza 선생님에게 주말에 용돈을 벌기 위해 일하고 있으며, Lamb 선생님은 그녀의 문제 해결에 도움을 주었습니다.                   "
test_193, #Person2# 는 #Person1# 의 도움으로 1등급보다 10일 빠른 소포를 한국으로 보내기로 했습니다.                               
test_194, #Person1# 은 #Person2# 에게 호텔 방 어디에도 휴대폰이 없다는 사실을 알린다. 대신 #Person1# 이 여동생의 핸드폰을 빵집에 두고 왔다는 것을 여동생에게 알리도록 설득한다.            
test_195, #Person1# 은 #Person2# 에게 로스앤젤레스 항구 도시에서의 관광에 대해 이야기합니다.                                  
test_196, #Person2# 는 여름 방학 동안 사업 수업을 듣고 삼촌 회사에서 아르바이트를 하며 경험을 쌓을 계획이다. #Person1# 은 미래에 대해 생각하지 않는다.                      
test_197,"  Mary는 우유 배달 중 12번 집의 정원 문이 잠겨 있는 것을 발견하고 울타리를 넘어 문 쪽으로 가려고 했으나, 갑자기 큰 개가 달려들어 문을 쾅 하고 박았다.          "
test_198," #Person1# 은 #Person2# 에게 회사에서 6년 동안 근무했으며, 이전보다 더 열정적이고 더 오랜 시간을 근무한다고 설명합니다. 또한 관리 훈련 과정을 통해 승진할 준비가 되었다고 말합니다.               "
test_199," #Person1# 은 #Person2# 에게 계좌 개설을 도와줍니다. 계좌는 주로 사업 거래에 사용되며, 보통 예금에는 이자가 없습니다. 출금은 ATM에서 가능합니다.                "
test_200," #Person1# 은 처음으로 중국에 와서 중국 음식을 먹어보고 싶어 한다. #Person2# 는 #Person1# 에게 광동 요리와 베이징 요리를 추천하고, 근처에 있는 식당 정보를 알려준다.                "
test_201, #Person2# 는 양털 배송이 늦어질까 봐 걱정하고 있습니다. #Person1# 은 #Person2# 에게 오클랜드로 가는 첫 배에 주문을 실어주기로 했습니다.                
test_202, #Person1# 은 방에서 독서등을 깨뜨려 #Person2# 에게 변상을 요청합니다.                                  
test_203," #Person2# 는 #Person1# 에게 2006 회계연도 마케팅 계획에 대해 설명합니다. #Person2# 의 목표는 해외 시장에서의 유통을 두 배로 늘리는 것이며, 시장의 원래 상태, 둘째, 전년도 우리의 마케팅 수치, 셋째, 올해의 최종 판매 수치를 고려해야 합니다. "
test_204," #Person1# 과 #Person2# 는 휴가 계획에 대해 이야기합니다. #Person1# 은 파리에서 출발하여 밀라노로 가며, 에든버러 페스티벌에 참석할 예정입니다.                  "
test_205,  Jimmy Fox는 중형차를 예약했으나 차가 모두 나가고 예약을 유지하는 것이 중요한 부분입니다. #Person1# 은 작은 차와 포드 포커스를 선택하여 보험과 대여료 할인을 제공하기로 했습니다.     
test_206," #Person1# 은 #Person2# 에게 서재에서 카드게임을 하라고 하지만, #Person1# 는 숙제를 마쳤으니 소리내지 말라고 경고합니다.                       "
test_207,"  Ann은 Mr. Jones에게 이번 주 회계사와 회의가 있으며, 목요일에는 Ms. Von과 대화를 원한다고 말합니다.                   "
test_208, #Person1# 은 #Person2# 에게 세계 지도를 보여주며 나라별로 지형이 표시되어 있지 않다고 설명합니다. #Person1# 는 세계 대부분이 물로 덮여 있다고 생각합니다.                  
test_209, #Person2# 는 방에 담배 냄새가 나서 금연 방을 예약했습니다. #Person1# 은 #Person2# 에게 도어맨이 짐 옮기는 것을 도와주겠다고 했습니다.                     
test_210," #Person1# 은 Bill에게 젖어 있는 페인트에 손대지 말라고 주의를 주었지만, 그들은 표지판을 가지러 창고로 갔습니다.                     "
test_211," #Person1# 은 #Person2# 에게 커피를 더 마시자고 제안하고, 그들은 곧 다시 만나기로 약속합니다.                               "
test_212,  Jim은 이탈리아 여행 후 아팠지만 William 박사의 권고로 회복되었다고 Bill에게 말합니다.                          
test_213," #Person2# 는 #Person1# 에게 회사가 야근을 강요하고 있다고 말합니다. #Person2# 의 회사는 최저임금을 지급하며 야근한 것에 대한 추가 수당을 지급하지 않으며, 생산성 수치가 가장 높은 직원에게 보너스를 지급한다고 설명합니다. "
test_214,  Lisa는 #Person1# 에게 남편이 바람 피우고 있다는 사실을 알게 되었다고 말한다. 이후 #Person2# 는 남편에게 거짓말을 하고 잘못을 자백했다고 한다.                  
test_215, #Person2# 는 #Person1# 에게 의사 선생님이 제시한 조언에 대해 이야기합니다.                                     
test_216," #Person1# 은 #Person2# 에게 떠나야 한다고 말하고, 다시는 #Person1# 의 곁을 떠나지 않겠다고 약속합니다.                            "
test_217," #Person1# 은 #Person2# 에게 도서관을 어떻게 이용하는지 설명하고, 회화 영어 관련 책 두 권을 대출할 수 있는지 문의합니다.                        "
test_218," #Person1# 과 #Person2# 는 날씨가 좋아 점심을 먹자고 제안하지만, #Person1# 은 날씨가 너무 좋다고 생각합니다. 그들은 날씨가 계속 좋다면 이번 주말에 해변에 가기로 결정합니다.                "
test_219," #Person1# 은 #Person2# 에게 카메라를 잠시 맡기고, 필름을 보관한 후 돌려주겠다고 요청합니다.                              "
test_220," #Person2# 는 #Person1# 에게 대출 신청에 대한 정보를 제공합니다. #Person2# 의 신용 점수가 문제이며, 은행은 대출 승인을 위해 고객의 개인 정보, 과거 대출, 자산 등 관련 정보를 평가해야 합니다.           "
test_221,"  모니카는 #Person1# 의 발표가 설득력 있었고 클라이언트들이 이 프로젝트에 투자할 것이라고 확신할 수 있도록 설득력을 가졌으며, 여러 부서의 동료들이 도움을 줬다고 설명합니다.          "
test_222,"  톰은 #Person2# 에게 아침에 뛰는 것을 시도해보라고 제안하고, #Person1# 은 이에 동의한다. 그들은 내일 함께 하기로 한다.                          "
test_223, #Person1# 은 #Person2# 에게 일본 레스토랑의 영업 시간과 저녁 마지막 주문을 안내합니다.                                  
test_224, #Person1# 은 Simpson 씨에게 목요일에 점심을 함께 하자고 제안합니다.                                                   
test_225, #Person2# 는 데이트 상대와 레스토랑에 가려고 합니다. #Person1# 은 #Person2# 에게 그레이머시 타번의 레스토랑을 추천합니다.                                         
test_226," #Person2# 는 #Person1# 에게 오리구이, 돼지고기, 소고기 한 그릇, 맥주 두 병의 가격을 설명합니다.                                              "
test_227," #Person2# 는 #Person1# 에게 자신의 나라에서는 축구를 좋아하고, 테니스를 좋아하며, 익스트림 스포츠는 소수만 즐긴다고 말합니다.                                         "
test_228," #Person1# 은 프리덤 여행사에 전화하여 다음 달 23일 핀란드 헬싱키로 가는 항공편을 예약합니다. #Person2# 는 가격이 $980이라고 설명하고, 솔트레이크시티에서 뉴욕 케네디 공항까지 1070편으로 갈아타는 일정을 안내합니다.                   "
test_229, #Person2# 는 디즈니 월드에 처음 방문합니다.                                                            
test_230, #Person1# 은 #Person2# 에게 호주의 그레이트 배리어 리프를 방문하고 싶다고 말합니다.                                                 
test_231,  Laura는 헬스장에 가려고 한다. #Person1# 은 걷기와 스포츠를 즐긴다. #Person2# 는 학교 다닐 때 이후로는 야구나 테니스를 좋아하지 않는다. 둘 다 외모가 중요한 부분이라고 생각한다.                       
test_232," #Person2# 는 #Person1# 에게 로스앤젤레스에서 태어났고, 열네 살 때 이곳으로 이사했으며, 유럽에 잠시 머물렀다고 말합니다.                                           "
test_233, #Person1# 은 #Person2# 의 새 정장이 만족스럽지 않다고 생각한다.                                                        
test_234,"  Ann은 Robin에게 mountain lake cycle tour에 대해 설명하고, 참가자들이 매년 기록을 갱신할 수 있도록 단계적 출발을 도입했다고 말합니다.                          "
test_235, #Person1# 은 #Person2# 에게 아페리티프와 싱어를 주문합니다.                                                       
test_236,"  Eric와 Gregory는 점심을 먹으러 가기로 했습니다. 그들은 번지 점프를 하며 즐거운 시간을 보냈지만, 지갑이 없어졌습니다.                                   "
test_237," #Person1# 은 2차 세계대전에 관한 정보를 찾고 싶어하며, #Person2# 는 #Person1# 에게 노르망디 상륙작전에 대한 정보를 제공합니다.                                         "
test_238, #Person1# 은 근육의 선명도를 위해 가벼운 기계를 사용하고자 합니다. #Person2# 는 #Person1# 에게 더 가벼운 무게로 시작하라고 조언합니다.                                         
test_239, #Person1# 은 #Person2# 에게 캠퍼스 내에 학생들을 위한 주차 건물이 있다고 안내합니다.                                                     
test_240,"  Susan은 Emily에게 FICA와 SUI 세금이 왜 Medicare와 건강 보험 계획 둘 다에서 공제되는지 설명하고, 주 소득세는 주에서 설립한 실업 및 장애 기금에 기여하는 것이라고 설명한다.                  "
test_241, #Person2# 는 #Person1# 에게 자판기가 까다롭다고 설명합니다. #Person2# 은 슬롯에 돈을 넣으라고 제안합니다.                                            
test_242, #Person1# 은 태국에 있는 여자친구를 만나러 가고 싶어 한다. #Person2# 는 #Person1# 에게 인터넷 덕분에 사람들 간의 소통이 빨라졌다고 말한다.                                        
test_243,  제임스는 케이트의 새 가구 세트를 마음에 들어 한다. 그는 자신의 카펫이 너무 더러워서 청소한 것이라고 생각한다.                                             
test_244,"  Bill은 #Person1# 에게 일주일에 세 번 수영, 라켓볼, 핸드볼을 하며 직장까지 걸어가야 한다고 설명합니다.                                         "
test_245,  마켓은 졸업 후 의예과 전공을 위해 과학 과목에 등록할 계획이다. #Person1# 은 고등학교 성적이 좋지 않다.                                            
test_246,"  Tim은 #Person1# 에게 프로젝트와 더 환경친화적인 삶을 사는 방법에 대해 이야기해 달라고 요청합니다. #Person2# 는 학교에 있을 때 재활용 종이를 사용하는 것에 대해 언급하며, 수업에서 많은 것을 배웠기 때문에 더 나은 삶을 살 수 있는 방법을 찾을 수 있을 것이라고 말합니다. 또한 학교 매점의 운영 방식에 대해서도 이야기합니다. "
test_247,  토니는 크리스마스를 앞두고 바쁜 일정으로 인해 피곤해하고 있다. #Person1# 은 토니에게 크리스마스 전에 아이들 선물을 파는 것이 불쾌하다고 말한다.                                       
test_248,"  Sue는 생일 파티를 위해 직접 만든 케이크를 좋아하지 않습니다. Bill은 다이어트를 위해 특정 음식을 피하려고 노력 중이며, Jill이 가져온 샌드위치도 먹지 못했다고 설명합니다. #Person1# 은 파티에서 뜨거운 스프를 가져다주기로 합니다.              "
test_249," #Person2# 는 여름 옷을 찾고 있으며, #Person1# 은 #Person2# 에게 티셔츠와 바지를 추천하고 160위안을 지불합니다.                                              "
test_250, #Person2# 는 예약 확인서를 72시간 내에 재확인하지 않으면 예약이 취소됩니다. #Person1# 은 다음 비행기 티켓을 원합니다.                                            
test_251, #Person1# 은 #Person2# 에게 부활절에 교회에 가서 점심을 먹으러 간다고 말합니다.                                                 
test_252," #Person1# 은 #Person2# 에게 아들에게 나쁜 습관이 생겼다고 말하며, 토니에게 애정과 인내심, 존중으로 대하라고 조언합니다.                                        "
test_253, #Person1# 은 #Person2# 에게 친구 Julie와 Alex가 결혼한다는 소식을 전합니다. #Person1# 과 친구 Wendy는 파티에 참석할 예정입니다.                                    
test_254, #Person2# 는 투표용지를 어디서 받을 수 있는지 몰라서 #Person1# 이 #Person2# 에게 도움을 요청합니다.                                                 
test_255," #Person1# 은 #Person2# 에게 회사가 곧 인원 감축을 한다고 전하며, 조지와 마이클이 해고될 가능성이 높다고 말합니다. #Person1# 는 그 소문이 사실일 수도 있다고 생각합니다.                                 "
test_256," #Person1# 과 #Person2# 는 최근 중국 드라마 '중국식 이혼'을 보고 있으며, #Person1# 은 그 영화가 우리의 삶과 가깝다고 생각합니다. 그들은 이혼율이 최근 몇 년 동안 증가했다고 이야기합니다.                           "
test_257," #Person1# 은 Judy에게 교통비, 호텔비, 그리고 청년호스텔 예산에 대해 이야기합니다.                                           "
test_258," #Person1# 은 #Person2# 에게 메리가 제로드와 결혼했다고 전하며, 제로드가 파리에 산다고 말합니다.                                        "
test_259, #Person1# 은 지갑을 도난당했습니다. #Person2# 는 #Person1# 에게 돈을 빌리고 주유소에 같이 가자고 제안합니다.                                       
test_260, #Person1# 은 #Person2# 에게 Murphy Music과 U-Tunes가 합병한다는 소식을 전합니다. #Person1# 는 치열한 경쟁에서 살아남기 위해 합병하는 것이 더 낫다고 생각합니다.                     
test_261,"  톰은 조의 새 조수와의 만남에 대해 농담을 하고, 조는 톰이 모두에게 잘한다고 생각한다.                                        "
test_262, #Person1# 은 Sarah에게 회의 주제가 사무실 워크플로우 개선을 위한 것이라고 설명합니다. 하지만 #Person2# 는 회의가 효율적이지 않았다고 느낍니다. #Person1# 는 짧고 간결하게 해야 한다고 조언합니다.                    
test_263," #Person2# 는 #Person1# 에게 사람들이 메카로 순례 가는 이유를 설명합니다. #Person2# 의 설명에 따르면 무슬림들이 하즈를 해야 한다고 믿기 때문에 매년 하즈에 가는 사람들이 많다고 합니다. 또한, 순례가 사고의 가능성을 줄이기 위해 제한을 두고 있으며, 프랑스에는 루르드라는 곳이 있다고 합니다. "
test_264,  Ted는 Mike에게 Jenny가 자신을 좋아한다고 말해야 할지 고민하고 있습니다.                                          
test_265, #Person2# 는 #Person1# 에게 화를 가라앉히기 위한 방법으로 음악을 듣거나 운동을 권장합니다.                                             
test_266, #Person2# 는 #Person1# 에게 뉴질랜드의 가족 구성원들에 대해 설명합니다. #Person2# 의 가족은 Bill의 삼촌 Jack과 그의 외삼촌 Sarah의 두 딸입니다.                       
test_267,  Stuart 씨는 #Person1# 에게 도시 마라톤에서 우승한 것을 축하합니다.                                                
test_268," #Person2# 는 아이들과 아내를 위한 선물을 고르고 있습니다. #Person1# 은 #Person2# 에게 미국에서 온 스니커즈를 추천하지만, 가격은 미국보다 훨씬 비싸다고 설명합니다. 결국   는 아내의 향수를 추천합니다.                      "
test_269, #Person1# 은 홍에게 영국으로 전화하기 위해 현지 SIM 카드를 사용하라고 제안합니다. 홍은 비용으로 100위안을 지불합니다.                                     
test_270," #Person1# 은 Mr. Brown을 채용하기로 결정하면 초기에는 한 달에 2,500위안을 지급할 것입니다.                                       "
test_271," #Person1# 과 #Person2# 는 Barry가 너무 야심차고 정직하지 않다고 생각하지만, #Person1# 은 Paul이 정중하고 신중하며 수줍음이 많다고 생각합니다.                        "
test_272, #Person2# 는 파사디나나 아카디아 지역에 3개의 침실과 2개의 화장실이 있는 중간 크기의 집을 원합니다. #Person1# 은 호수 근처의 집과 전망이 좋은 집을 추천합니다.                        
test_273,  Grant 씨는 샘플을 보고 다음 주에 #Person1# 에게 연락하기로 했습니다.                                            
test_274, #Person1# 은 #Person2# 에게 PHS에서 Sons으로 가는 직행 버스 정보를 제공합니다.                                           
test_275, #Person1# 이 Mrs. Word를 집까지 태워다 주겠다고 약속합니다.                                             
test_276, #Person1# 은 #Person2# 에게 침대에서 벗어나 의사의 조언을 받아 어깨 엑스레이를 찍으라고 권장합니다.                                       
test_277,  설리는 호텔 로비 바에서 요금 청구 시 사용한 신용카드가 없어 IBA 고객 서비스부에 도움을 요청했습니다.                                           
test_278," #Person1# 은 #Person2# 에게 낮잠을 청하자고 제안하지만, #Person1# 는 피곤해합니다.                                             "
test_279," #Person2# 는 #Person1# 에게 중국 음식을 주문하고 앞쪽 테이블에 앉으라고 요청합니다. #Person2# 가 음식과 음료를 제공하고, 밸류 밀 두 개와 고추장 두 개를 주문합니다.                        "
test_280," #Person2# 는 #Person1# 에게 식기와 줄을 챙기고, 곧 차례가 되면 웨이터에게 먹고 싶은 음식을 말해달라고 요청합니다.                                      "
test_281,"  Lucy는 Stanley가 노래를 불러달라고 요청했지만, #Person1# 은 거절하고 리스트 맨 위에 노래를 올려달라고 부탁한다.                                    "
test_282," #Person2# 는 집에서 보는 비디오 플레이어가 영화관을 대체할 것이라고 생각하고, #Person1# 은 영화 상영의 개념을 혁신해야 한다고 주장합니다.                                      "
test_283," #Person1# 은 #Person2# 에게 가벼운 갈색 드레스를 추천하며, 봄에는 면드레스를, 여름에는 하얀색을 선호한다고 말한다.                                    "
test_284,  Joshua는 #Person1# 에게 용돈으로 13달러를 준다. #Person2# 는 돈이 많다고 생각하여 비밀 돈통을 사용할 계획이다.                                
test_285," #Person1# 은 #Person2# 에게 Mike의 생일 파티에 대해 물어보고, 파티의 시작 시간과 장소 등을 알려준다.                                     "
test_286," #Person1# 은 #Person2# 에게 소포를 우선우편으로 보내고 싶어 하며, 책자 우표와 항공우편 우표를 요청합니다.                                      "
test_287, #Person1# 과 #Person2# 는 중국에서의 끔찍한 자연재해에 대해 이야기합니다. #Person1# 은 원촨 8.0 강진으로 많은 사람들이 목숨을 잃었다고 말합니다.                                 
test_288," #Person2# 는 #Person1# 에게 날씨가 매우 지독하다고 말합니다. #Person2# 은 장마가 약 두 달간 계속될 것이라고 말하며, 곧 봄이 올 것이라고 합니다.                                    "
test_289," #Person1# 과 #Person2# 는 배구 경기 후 올림픽 기념품 가게에 가기로 결정합니다. #Person1# 은 올림픽 마스코트를 사고 싶어 하고, #Person3# 도 그 생각에 동의합니다.                                 "
test_290, #Person1# 은 #Person2# 의 도움으로 알루미늄 팬을 구매합니다.                                                     
test_291, #Person1# 과 #Person2# 는 퇴근 후 함께 차를 타고 가기로 했습니다.                                                      
test_292,"  Mr. Becker는 워싱턴의 관료들이 그들의 직업을 선호하는 이유를 설명합니다. 그는 많은 사람들이 성인 기간 동안 연방 정부를 위해 일한다고 말하며, 급여와 근무 조건이 매력적이라고 언급합니다.                           "
test_293,"  Pete는 Henry Johnson에게 베이징 사무실에서 1년 넘게 일하고 있는 Penny를 소개합니다. 두 사람은 브루클린에서 태어나 자란 공통점도 있지만, 중국에서의 생활이 좋다는 공통점을 가지고 있습니다. 그들은 베이징의 유명한 만두집에서 저녁을 먹고 노래방에 가기로 계획합니다. "
test_294,  Julie는 Mr. Jones에게 식중독으로 인한 아플 때의 증상을 설명합니다. 그는 #Person1# 에게 친구들이 제공한 식사에 대해 이야기합니다. #Person2# 는 친구들이 노트 필기를 가져다주고 생물학 수업 자료를 다운로드할 수 있다고 제안합니다.               
test_295,"  Mike는 #Person1# 에게 친구들이 오늘 오후에 올 것이라고 알리고, 음료수와 설탕을 사오라고 요청합니다. #Person2# 는 한 시간 후에 도착할 예정입니다.                               "
test_296," #Person1# 과 베를린의 긴 버스 여행에 대해 #Person2# 에게 이야기합니다. #Person1# 은 버스가 불편하다고 느끼고,   는 환경에 덜 해로워서 버스를 탔다고 말합니다.                              "
test_297," #Person1# 은 #Person2# 에게 이 일을 맡게 되면 주말에도 일해야 하며, 외국어를 잘하고 학급 앞에서 말하는 것을 좋아한다고 말합니다.                                        "
test_298,  에이미가 에이미에게 어제 피크닉에 대해 이야기합니다. 에이미는 어제 저녁에 제니와 빌이 베이하이 공원에서 즐거운 시간을 보냈다고 말합니다.                                    
test_299,  Peter는 #Person1# 에게 정원에 물을 줘야 한다고 말합니다. #Person2# 는 물 대신 차를 마실 수 있게 되었습니다.                                        
test_300, #Person1# 은 #Person2# 에게 긴급 회의를 빨리 소집하고 Ken에게 주문하도록 요청합니다.                                                  
test_301, #Person1# 은 #Person2# 에게 편지의 무게를 측정하고 등기를 위한 비용을 안내합니다.                                                   
test_302,  Mr. Smith는 가려움증과 화끈거림을 완화할 수 있는 항생제와 크림을 처방받습니다.                                        
test_303," #Person1# 은 #Person2# 에게 중국의 다양한 손재주를 소개하며, 독특한 중국식으로 운반이 쉬운 자수를 추천합니다.                                             "
test_304, #Person2# 는 #Person1# 에게 에펠탑이 1930년까지 세계에서 가장 높은 구조물의 기록을 가지고 있었다고 설명합니다.                                             
test_305,  Brian은 #Person1# 에게 미국에서 영어와 라스베이거스를 배웠다고 말합니다.                                               
test_306," #Person1# 은 #Person2# 에게 초조함을 털어놓고, 한 시간 전에 이곳에 왔어야 했다고 말한다.                                               "
test_307, #Person2# 는 #Person1# 에게 모든 것이 계획대로 진행되었고 곧 문제가 발생할 것이라고 말합니다.                                                 
test_308, #Person1# 과 #Person2# 는 John과 그녀의 데이트에 대해 이야기하고 있다.                                                  
test_309," #Person1# 과 #Person2# 는 런던의 역사적인 도시들에 대해 이야기하고 있습니다. #Person1# 은 웨스트민스터 사원, 보우디카 동상, 런던 성과 감옥, 그리고 마담 투소 밀랍 인형 박물관을 방문할 예정입니다.                   "
test_310,"  다니엘은 #Person1# 에게 자신이 과학을 가장 좋아한다고 말하며, 자신이 항상 장난꾸러기라고 느낀다고 한다.                                           "
test_311,"  베티가 베이비 샤워를 준비해 줍니다. 베티는 아기에게 줄 선물로 식탁의자, 칼라, 놀이펜, 침대 등을 준비합니다.                                    "
test_312," #Person1# 은 #Person2# 에게 중국에 관광하러 가자고 제안하지만, 현재 바빠서 갈 수 없다고 합니다.                                               "
test_313,  Tim과 Karren은 오랜만에 만나 인사를 나누고 가끔 만나기로 했습니다.                                                   
test_314, #Person1# 은 #Person2# 에게 Michael의 새 오토바이에 대해 이야기합니다.                                                  
test_315," #Person1# 은 #Person2# 에게 몇 개의 언어를 구사할 수 있으며, 프랑스어는 간단한 대화 정도만 할 수 있다고 설명합니다. 또한 #Person1# 의 영어 실력이 일반 사무직에는 충분하다고 믿습니다.                            "
test_316, #Person1# 은 타일러의 여동생 낸시에게 앤디가 전화했다고 전해달라고 요청합니다.                                                  
test_317, #Person1# 은 뉴욕행 비행기가 취소되었다고 알립니다. #Person2# 는 #Person1# 에게 내일 비행기를 예약해 달라고 요청합니다.                                         
test_318," #Person1# 과 #Person2# 는 버거 퀸에 가서 치즈버거, 바닐라, 감자튀김, 마요네즈 소스, 튀긴 음식을 먹으며 배고픔을 느끼고 있다. #Person1# 은 인내심을 가지라고 조언한다.                 "
test_319, #Person1# 은 #Person2# 에게 초과 수하물 요금과 취급 주의 라벨을 안내합니다.                                                 
test_320," #Person2# 는 탄산음료가 갈증을 풀어준다고 생각하지만, #Person1# 은 물을 마시고 싶어 한다.                                         "
test_321,  Wang Miao는 Mr. Green과의 내일 일정 변경을 Liang에게 전달하기 위해 전화를 걸었습니다.                                 
test_322," #Person1# 은 30 사이즈의 에나멜 가죽 구두를 찾고 있으며, #Person2# 는 신발을 늘리기로 결정합니다.                                       "
test_323,  Benjamin은 프로젝트 보고서를 어떻게 작성해야 할지 몰라 고민 중이다. #Person1# 은 #Person2# 에게 보고서 형식을 정할 수 없다고 설명한다.                             
test_324,  Marty는 해산물 피자와 얇은 도우로 구성된 중간 크기 피자를 25% 할인된 가격에 주문합니다.                                    
test_325," #Person1# 은 #Person2# 에게 메뉴를 설명하며 토마토 수프와 블랙커피, 미네랄 워터를 주문합니다.                                    "
test_326, #Person1# 은 #Person2# 에게 주방과 화장실이 있는 집을 소개합니다.                                               
test_327," #Person1# 은 #Person2# 의 가게에서 개인 스테레오를 구매한 후 문제점이 발생했습니다. #Person1# 는 이어폰을 끼는 방법과 소음에 대한 불만을 제기했고, #Person3# 는 영수증을 보여줍니다.                   "
test_328," #Person1# 은 기숙사 보증금을 아직 납부하지 않았습니다. #Person2# 는 #Person1# 에게 기숙사가 시끄러워서 더 비쌀 것이라고 말하며, 기숙사에서 공부하는 것이 더 나은 선택일 수 있다고 조언합니다.                   "
test_329," #Person1# 은 #Person2# 에게 중고 서점에서 오래된 동화책을 보고 있다고 말합니다. #Person1# 의 책에는 'Harold Dickson'이라는 이름의 소설이 있고, 그 소설을 사서 도서관에서 그 이름을 찾아보라고 제안합니다.           "
test_330, #Person1# 은 #Person2# 에게 창가 쪽 테이블로 안내하고 음식을 준비하도록 요청합니다.                                           
test_331, #Person1# 은 #Person2# 에게 편지를 등기 우편이나 배달 증명 우편으로 보내는 방법을 설명합니다.                                         
test_332,"  Sally와 Tom은 1월 1일에 결혼식을 올릴 예정이다. Saly는 #Person1# 에게 결혼 소식을 전해달라고 부탁하고, 그들은 곧 만나기로 약속한다.                           "
test_333," #Person2# 는 컴퓨터 사용에 어려움을 겪고 있으며, #Person1# 은 빨리 컴퓨터를 살 수 있는 날이 오기를 바란다.                                       "
test_334, #Person1# 과 #Person2# 는 이번 주말에 소풍을 가기로 계획하고 있습니다.                                              
test_335," #Person1# 은 참고 자료 데스크에서 일반적인 정보를 찾고자 하며, #Person2# 는 일반 정보를 요청합니다.                                          "
test_336, #Person1# 은 #Person2# 의 도움으로 프렌치 가든 레스토랑에 도착하여 음료와 음식을 주문합니다.                                        
test_337," #Person1# 은 #Person2# 에게 레모네이드, 전채요리, 바비큐 윙, 베이비백 립스를 주문합니다.                                "
test_338, #Person1# 은 #Person2# 에게 물과 디저트를 제공합니다.                                                
test_339, #Person1# 은 #Person2# 에게 Eric이 복권에 당첨되어 세계 여행 티켓 두 장을 구매할 것이라고 말합니다.                                     
test_340," #Person1# 은 Jack의 새로운 애완동물 사진을 칭찬하고, #Person2# 는 그 사진이 재미있다고 생각합니다.                                       "
test_341, #Person1# 은 #Person2# 에게 Jane 이모가 Tom에게 새 자전거를 사줬다고 자랑합니다. #Person1# 의 엄마는 그것이 멋있고 얌전하다고 생각합니다.                         
test_342," #Person1# 은 최신 유행의 치마를 찾고 있으며, #Person2# 는 #Person1# 에게 입어보라고 제안합니다.                                       "
test_343, #Person2# 는 #Person1# 에게 자신의 도시가 200년 전에 작은 마을에 불과했다고 설명합니다. 그 이유는 근처에서 석탄이 발견되어 주요 산업 중심지로 성장했기 때문입니다.                          
test_344," #Person1# 과 #Person2# 는 환경 문제를 해결하기 위해 세계 지도자들이 모여 행동 계획에 합의하기를 기대한다. #Person1# 은 대기 오염 문제를 해결해야 대기를 파괴하지 않을 수 있으며, 개발도상국들은 경제 발전에 더 중점을 두고 있다고 언급한다. 그들은 환경 보호를 목표로 하는 조직에 가입하는 것을 고려하고 있다. "
test_345," #Person1# 은 #Person2# 에게 온라인 채팅방에서 만난 사람들에 대해 이야기합니다. #Person1# 는 온라인 친구의 이상형 남자친구에 대해 설명하고, 데니스는 그 남자에게 조언을 구하겠다고 합니다.                    "
test_346,"  Nathan은 시카고에서 실습하게 되어 기쁘고, #Person1# 은 그 기회가 좋은 기회라고 생각한다. #Person2# 는 다른 사람들로부터 많은 것을 배울 수 있을 것이라고 말한다.                       "
test_347," #Person1# 은 토요타 카롤라를 빌리고자 하며, #Person2# 는 신분증을 제시하고 차 열쇠를 반납하도록 안내합니다.                                    "
test_348, #Person1# 은 뉴욕에서 비즈니스 계약을 체결하고 뉴욕의 대학들을 방문할 계획입니다. #Person2# 는 #Person1# 에게 도시 지도와 기차역 근처 관광 안내소를 추천합니다.                          
test_349, #Person1# 은 #Person2# 에게 필름을 현상해 달라고 요청합니다.                                                
test_350," #Person1# 은 폭우로 인해 청두로 가는 비행기가 지연되었습니다. #Person2# 는 #Person1# 에게 날씨에 대해 설명하고, 비가 정오 전에 그칠 수 있다고 알립니다.                        "
test_351, #Person1# 은 #Person2# 에게 북경대학의 위치를 물어보라고 안내합니다.                                             
test_352," #Person1# 은 #Person2# 에게 좋은 아침과 나쁜 날씨에 대해 이야기합니다. #Person1# 는 오하이오에서 두 남자를 강탈한 강도들을 잡았지만, 범인들이 아니었습니다.                              "
test_353," #Person1# 은 컴퓨터 게임이 폭력적이고 위험하다고 생각하지만, #Person2# 는 그것이 나쁘지 않다고 생각합니다.                                               "
test_354, #Person1# 은 Jim에게 저녁을 먹고 나서 맥주를 마시자고 제안합니다. #Person2# 는 그것이 건강에 좋지 않다고 생각합니다. 그들은 체육관에 가서 운동하고 Sally와 함께 춤을 추기로 결정합니다.                           
test_355, #Person2# 는 #Person1# 에게 새우찜과 와인 한 병을 주문합니다.                                                    
test_356, #Person2# 는 #Person1# 에게 가이드로서 몇몇 명소를 보여줬다고 말합니다.                                                   
test_357,  Jack이 더블룸을 3박 예약했습니다.                                                        
test_358,  질은 데이빗의 생일파티에 참석하지 못해 숙취에 시달리고 있습니다. 마크는 #Person1# 에게 빌의 부인이 어젯밤에 딸을 낳았다고 알립니다. 그들은 내일 술을 마시기로 합니다.                       
test_359," #Person2# 는 #Person1# 에게 내일 밤 극장에 가자고 제안하지만, 남편은 좋아하지 않을 것 같아 거절합니다.                                             "
test_360, #Person1# 과 #Person2# 는 볼티모어와의 야구 경기에 대해 이야기하고 있습니다.                                                   
test_361, #Person1# 은 #Person2# 의 도움에 감사하며 감사 인사를 전합니다.                                                      
test_362," #Person1# 과 #Person2# 는 천연자원의 수출과 수입에 대해 논의합니다. #Person1# 은 자원 자원의 자급자족을 강조하며, 장기 프로젝트에 투자할 것을 제안합니다.                               "
test_363," #Person1# 은 #Person2# 에게 미술 전시회에 가는 것을 좋아한다고 말하며, 내일 국립 미술관에서 열리는 그리스와 로마 조각 전시회를 함께 가자고 제안합니다.                                    "
test_364," #Person2# 는 책을 반납하고 비디오를 대출하고 싶어하며, #Person1# 은 #Person2# 에게 비디오 손상 시 벌금을 부과한다고 설명합니다.                                       "
test_365, #Person1# 은 #Person2# 에게 10프레임의 볼링 게임에 대해 더 자세히 설명해 달라고 요청합니다.                                             
test_366," #Person2# 는 #Person1# 에게 은행과 증권사에서 돈을 이체할 수 있는 새로운 서비스에 대해 설명하고, 맞춤형 상담 서비스를 제공한다고 안내합니다.                                      "
test_367," #Person1# 은 #Person2# 에게 30분 후에 체크아웃해야 한다고 알리고, 짐을 맡기는 것이 보증금 문제 때문에 불가능하다고 설명합니다.                                         "
test_368, #Person1# 은 #Person2# 에게 뷔페 이용 방법과 요금을 안내합니다.                                                   
test_369," #Person1# 은 해외에서 공부하는 모든 사람들을 위한 해외 유학 개인 대출을 원하며, #Person2# 는 대출 조건과 나이 제한에 대해 설명합니다.                                         "
test_370, #Person1# 은 #Person2# 에게 영어 노래가 있는 책을 추천합니다.                                                      
test_371," #Person2# 는 #Person1# 에게 자신이 인상적인 글쓰기 경력을 가지고 있으며, 현재 첫 소설을 집필 중이라고 말합니다.                                            "
test_372, #Person1# 은 잭에게 이메일로 인터뷰 결과를 직접 물어보라고 제안합니다. 잭은 이메일이 너무 길면 고용주가 읽을 시간이 없을 수 있으니 이메일을 간단하게 사용하는 것이 좋다고 조언합니다.                              
test_373, #Person1# 은 #Person2# 에게 집을 둘러보라고 요청하고 마당에 있는 나무 가지에 걸어두었습니다. 이는 수확 후 바로 껍질을 벗길 수 있기 때문입니다.                                 
test_374," #Person1# 은 호텔에서 40분 후에 체크아웃할 예정입니다. #Person2# 는 #Person1# 에게 짐은 보관할 수 있지만, 보증금은 필요하다고 설명합니다.                                      "
test_375,"  브랜든은 새로운 웹사이트에 가입하여 글쓰기 실력을 향상시키고 있다. #Person1# 은 #Person2# 에게 웹사이트가 무료라고 설명하지만, #Person3# 는 이를 이해하지 못한다.                               "
test_376, #Person1# 은 #Person2# 에게 새 실험실 건물의 필요성에 대해 설명합니다. 그들은 교육 수요 부족 문제를 해결하기 위해 지역 정부에 도움을 요청할 것이라고 믿습니다.                                    
test_377,  Henry는 소고기를 사기 위해 은행에서 받은 신용카드를 사용하기 시작했다. #Person1# 은 카드 사용에 주의해야 한다고 조언한다.                                     
test_378,  Mr. Smith는 #Person1# 에게 내일의 산간 마을 방문을 위해 두 마을 중 어느 쪽을 선택할지 알려달라고 요청합니다.                                    
test_379," #Person1# 은 Vet에게 스트레스와 우울함을 풀기 위한 방법으로 오이를 먹고 푹 쉬는 것을 추천합니다. 그녀는 치어리더가 되기 위해 많은 자유를 얻었으며, 현재 아기에 대한 책임을 느끼고 있습니다. 그녀는 딸을 키우면서 가장 좋았던 점, 미래 계획, 유타를 떠난 이유, 그리고 가장 좋아하는 명언에 대해 이야기합니다. "
test_380, #Person1# 은 #Person2# 에게 처음 우표 수집에 관심을 가지게 된 계기와 수집이 부자들에게는 누릴 수 없는 많은 즐거움을 준다고 설명합니다.                                    
test_381,  Tom은 #Person1# 에게 자신의 회사에서 성공한 사업가가 되었다고 말합니다. 그는 자신의 생활과 낭비적인 습관에 대해 이야기합니다.                                       
test_382,  John Day는 북런던 경찰에게 네즈든의 보행자 지하도에서 발견된 40대 남성의 사망 사건을 살인으로 보고 있습니다. 그는 두 명의 여성과 두 남성의 목격 가능성과 클럽에서 다른 공격자를 목격했을 가능성을 제기합니다.                  
test_383,"  Sherry는 Bob에게 친구 결혼식에 초대받아 내년에 여름에 퀘벡에 가기로 했다고 말한다. 그는 친구 결혼식 참석을 위해 방문할 예정이며, 영어와 프랑스어 실력을 향상시키고 싶어 한다.                      "
test_384,"  제인은 학생 센터에 수영하러 가자고 톰에게 제안하지만, 톰은 리포트가 아직 시작되지 않았다며 거절한다. 제인이 저녁 식사를 제안하자 톰이 동의한다.                               "
test_385, #Person2# 는 #Person1# 에게 약을 하루에 세 번씩 꼭 복용해야 한다고 설명합니다.                                                  
test_386,"  Fred는 #Person1# 에게 200위안의 컴퓨터 대출금을 갚기 위해 200달러를 빌리려 하지만, #Person2# 는 급하게 하지 말라고 조언한다.                                "
test_387," #Person1# 은 글씨를 더 잘 쓰고 싶어서 몇 주 동안 연습했지만, #Person2# 의 글씨는 여전히 좋지 않다. #Person1# 는 불평하고 매일 꾸준히 하라고 조언한다.                               "
test_388, #Person1# 은 #Person2# 가 속눈썹을 올리고 있는 것을 보고 겁먹었다고 생각합니다.                                                
test_389," #Person1# 은 #Person2# 에게 운전 강좌에 대한 정보를 제공합니다. #Person1# 의 강좌는 주말에만 가능하며, 강사들 중 일부는 20년 동안 가르치고 계십니다.                                "
test_390," #Person1# 은 피아노를 8년째 배우고 있으며, #Person2# 는 #Person1# 에게 그 선생님을 소개해 달라고 부탁한다.                                           "
test_391," #Person2# 는 #Person1# 에게 자신의 강점, 약점, 배우면서 일에 대해 더 깊이 이해할 수 있는 교육, 그리고 결혼 후 자신의 미래에 대한 계획을 이야기합니다.                                   "
test_392,  George는 Stephanie에게 Miss Jenkins에게 연락하여 보고서를 금요일 아침까지 제출할 것을 권장합니다.                                 
test_393,"  David는 크리스마스를 맞아 #Person1# 에게 스케이트를 타자고 제안하지만, #Person2# 는 뉴욕에 머물고 싶어 한다.                                      "
test_394,"  Bob은 댄스 파티에 갔고, #Person1# 은 일요일에 쇼핑을 갔다. 그들은 이번 주말에 서로 경기할 예정이다.                                        "
test_395," #Person1# 은 직업이 없어 #Person2# 에게 50달러를 빌리려 하지만, #Person1# 이 직업 대신 집에서 일자리를 찾으라고 제안한다.                                      "
test_396," #Person1# 은 #Person2# 에게 호텔로 돌아가서 모든 손님에게 재킷과 넥타이를 대여해 달라고 요청하고, 회의 시간을 9시 30분으로 연기합니다.                                    "
test_397," #Person1# 과 #Person2# 는 휴양 캠프의 즐거움과 어려움에 대해 이야기합니다. #Person1# 은 성 방문, 요트, 등반, 승마, 바비큐 파티, 그리고 내년에 다시 만날 것을 약속합니다.                         "
test_398," #Person1# 은 딸의 대학 입학 요건에 대해 묻자, #Person2# 는 직장을 그만두고 컴퓨터 프로그래밍을 전공할 계획이며, 휴가를 활용해 수업을 듣고 싶어 한다고 설명합니다.                              "
test_399, #Person2# 는 어제 차로 나무를 들이받아 며칠 학교를 빠져야 했습니다. #Person1# 은 #Person2# 에게 이번 주에만 쉬라고 알려줍니다.                                      
test_400," #Person1# 은 집주인과의 수리 비용 합의에 어려움을 겪고 있습니다. #Person2# 는 집주인과 문제가 없다고 생각하지만, #Person1# 이 불만을 제기하고 수리공을 불러 문제를 해결하려고 합니다.                               "
test_401, #Person1# 은 도쿄에서 온 수출 L/C를 사이유리 베즈에서 수령하기 위해 #Person2# 에게 서류를 작성해 달라고 요청합니다.                                    
test_402,  Myrdal은 Charlie의 지갑이 사라졌다고 생각합니다. 그들은 다시 핫도그 가판대로 가기로 합니다.                                    
test_403," #Person2# 는 설거지를 계속하기를 원하지만, #Person1# 은 번갈아가며 하기로 했다며 거절합니다.                                             "
test_404," #Person1# 과 #Person2# 는 서로에 대해 이야기하고 있습니다. #Person1# 은 자신이 멋지다고 생각하지만,   는 #Person3# 를 사랑한다고 말합니다.                                    "
test_405, #Person1# 과 #Person2# 는 정부의 실업 문제가 사회 문제를 초래한다고 생각합니다.                                                    
test_406," #Person1# 은 가면무도회 파티에 맞는 의상을 고르기 위해 #Person2# 에게 쇼핑을 제안합니다. #Person1# 는 카우걸을 추천하지만, #Person3# 는 의상이 어디서 구할지 모릅니다. 결국 그들은 쇼핑센터에서 만나기로 합니다.                 "
test_407," #Person1# 과 #Person2# 는 베이징에서 춤추러 가기로 결정합니다. 그들은 나이트클럽에서 춤을 추기로 하고, #Person1# 은 디스코 댄스를 제안합니다.                                  "
test_408," #Person1# 은 농장을 소유하고 싶어 하고, #Person2# 는 농장에서 일하면서 도시의 번잡함에서 벗어나고 싶어 한다.                                          "
test_409," #Person1# 은 #Person2# 에게 하이네켄과 버드와이저, 에피타이저를 구매합니다.                                             "
test_410,"  Mary는 어젯밤 Ann과 심하게 다툰 적이 있다. #Person1# 은 화가 나서 여행을 취소해야 했고, #Person2# 에게 나중에 전화해서 화해하자고 제안한다.                              "
test_411," #Person2# 는 #Person1# 에게 담배와 기념품, 화장실을 안내합니다.                                                   "
test_412,"  Catherine은 영화 'Fast Food Nation'을 보고 미국식 음식이 어두운 면이 있다고 생각합니다. 그는 미국의 패스트푸드 문화가 편리함을 추구하는 생활 방식을 반영한다고 설명하며, 무지방 우유, 통밀 롤, 생선 샌드위치 같은 건강한 메뉴를 제공한다고 말합니다. "
test_413, #Person1# 은 #Person2# 에게 버스가 워싱턴 스퀘어 공원으로 가는 줄 알았다고 말합니다. #Person1# 는 버스를 뒤쪽으로 옮기라고 요청합니다.                                   
test_414," #Person1# 은 9-11 테러 공격이 있던 날 베이징에 있는 자신의 부모님 댁에 머물렀다고 #Person2# 에게 말합니다. 납치범들은 생명에 대한 존중이 없었으며, 테러 행위는 계획적이고 치명적이라고 설명합니다.                    "
test_415,  Karl과 Chuck Jones는 이웃으로 지내며 더 조용한 곳에서 더 넓은 공간을 갖고 싶어 이사를 왔습니다.                                    
test_416," #Person1# 은 #Person2# 에게 삶은 달걀, 진하게 구운 토스트, 오렌지 주스를 주문합니다.                                   "
test_417,"  Steven은 #Person1# 에게 가계부를 보라고 하지만, #Person2# 는 자러 가기 전에 지하실 문을 닫아달라고 요청한다.                              "
test_418, #Person1# 은 Jane을 다음 주 월요일 오후 3시로 약속합니다.                                            
test_419," #Person1# 은 여자친구 Jess에게 줄 멋진 선물을 찾고 있습니다. #Person2# 는 #Person1# 에게 진주 귀걸이 세트, 하트 모양의 펜던트, 자수정 팔찌, 그리고 여자친구에 대한 더 나은 정보를 제공하기 위해 약혼반지를 추천합니다.     "
test_420," #Person1# 은 오래된 Ford Pinto를 교환하고 싶어 합니다. #Person2# 는 연비가 좋은 2.5리터 터보차저 엔진과 0% 다운페이먼트, 첫 1년간 무이자 할부 조건을 제시합니다.              "
test_421," #Person1# 은 Ballam 씨에게 컴퓨터 엔지니어 직책 제안서를 제출하고, 월 4,000 위안을 지급하기로 결정합니다.                                 "
test_422, #Person1# 은 #Person2# 에게 네트워크 결제 서비스 가입을 권장합니다.                                             
test_423, #Person1# 은 저녁에 먹고 남은 것이 없어서 #Person2# 에게 땅콩버터와 잼 샌드위치를 만들어 먹으라고 제안합니다.                              
test_424, #Person1# 은 혈액을 채취하고 #Person2# 에게 백혈구 수치를 확인하기 위해 검사 방법을 설명합니다.                                     
test_425,  Steven은 전기가 나가자 #Person1# 에게 지하실로 내려가서 차단함을 찾아보라고 조언합니다.                                   
test_426,"  Paula는 세 들어 사는 집의 집주인 Ms. Connors가 식기세척기 수리를 하고 그 비용을 월세에서 공제했지만, 집주인은 월세를 내지 않아 문제가 발생했다. #Person1# 은 그녀가 문제를 해결할 수 있을 것이라고 확신한다.   "
test_427," #Person2# 는 에어컨이 작동하지 않아 열사병에 걸렸습니다. #Person1# 은 Dan에게 화장실 변기와 전기 배선, 그리고 Frank의 배수구가 막혔다고 설명합니다.                     "
test_428," #Person1# 과 해고된 #Person2# 는 대출금을 낼 수 있는 일을 찾고 있으며, #Person1# 은 전기공 견습생 프로그램 공고에도 관심이 없다.                               "
test_429, #Person2# 는 #Person1# 에게 사장님의 강점과 약점에 대해 설명합니다.                                            
test_430," #Person1# 은 Tang 씨에게 서류나 자격증 사본이 있는지 묻고, 그는 Youth International Travel Agency에서 일하고 있다고 답합니다.                    "
test_431, #Person1# 은 #Person2# 에게 금 시계와 순금 시계를 구매합니다.                                            
test_432,  Tom은 Sara에게 딸 Maria가 열이 나고 병원에 데려갈 예정이라 도움을 요청합니다.                                    
test_433,"  Amy는 첫 직장에서 총지배인 비서로 일했으며, 인사부장으로 승진했습니다. 그 후 영업부에서 일하고 있습니다.                                 "
test_434,  Andrew는 #Person1# 에게 자신의 체중 감량 방법에 대해 이야기합니다. #Person2# 는 #Person3# 가 뚱뚱하지 않다고 생각하여 다이어트를 시작했다고 설명합니다. 하지만 실제로는 그렇지 않은 것 같습니다.             
test_435,  브라운 컬리지의 그렉 손더스 씨가 메리에게 전화를 걸어 대학 스포츠에 관심이 있는지 물어봅니다.                                     
test_436, #Person1# 은 #Person2# 에게 택시를 타고 기차역으로 가라고 안내합니다.                                           
test_437,"  Brian은 #Person1# 에게 미국에서 영어를 배우고 있으며, 라스베가스도 방문했다고 말합니다.                                     "
test_438," #Person2# 는 연례 건강검진을 받기 위해 의사를 방문했습니다. #Person1# 은 #Person2# 에게 알레르기 검사, 혈당 및 백혈구 수치를 검사할 예정입니다.                        "
test_439," #Person1# 은 #Person2# 에게 복권에 당첨되면 아내와 아이들을 위해 정원이 있는 큰 집을 사겠다고 말하며, 그 후로 전 세계를 여행할 것이라고 말합니다. #Person1# 는 월급 인상을 기대하지만, #Person3# 는 밍크 코트를 사라고 제안합니다. 그들은 스카치를 마시기로 결정합니다. "
test_440," #Person1# 은 결혼할 준비가 안 된 상태이며, #Person2# 는 #Person1# 에게 Amy를 결혼식장에 남겨두지 말라고 조언한다.   는 그 말에 동의한다.                       "
test_441," #Person1# 은 #Person2# 에게 명함을 인쇄하는 데 2,000장의 서류를 작성해 달라고 요청하고, 일주일 후에 주문할 수 있다고 안내합니다.                              "
test_442,  브라이언은 공항에서 #Person1# 을 만나기 위해 체크인할 예정이다. #Person2# 는 회의가 시작되기 전에 프로그램을 준비할 것이다.                               
test_443,"  Paul과 헤이는 추수감사절 저녁 식사에 참석할 예정이다. 헤이의 부모님, 할아버지, 여동생, 매형, 조카, 사촌 두 명, 총 열 명이 참석하게 된다. 헤이가 파이와 와인을 가져가기로 한다.        "
test_444,  존은 이번 주말에 수잔에게 사촌의 대학 인터뷰 참석을 도와달라고 요청합니다. #Person1# 은 존에게 눈보라가 오면 집에 데려다 주는 계획을 제안합니다.                        
test_445," #Person1# 은 Ben에게 저녁 수업 정보를 요청합니다. #Person2# 는 꽃꽂이, 사진 강좌, 인도 요리, #Person1# 의 저녁 파티에 대해 설명합니다.                            "
test_446," #Person1# 과 #Person2# 는 저녁 식사 장소로 피자 익스피리언스, 브리짓, 킹피셔를 고려하고 있다.                                 "
test_447,  Gene은 #Person1# 에게 운전면허 시험에 참석하기 위해 로스앤젤레스에서 일하게 되었다고 말합니다. #Person2# 는 시험 통과 후 혼다 어코어를 구매할 계획입니다.                   
test_448, #Person1# 은 #Person2# 에게 펜을 보여주며 부드럽게 써지는 펜이 마음에 들어 현금으로 구매하기로 결정합니다.                                       
test_449, #Person2# 는 #Person1# 에게 미국 암 학회를 위한 마라톤 후원이 성공적이었다고 말합니다. 이는 #Person2# 의 회사에도 좋은 일이라고 생각합니다.                                 
test_450, #Person1# 은 #Person2# 에게 피크 트램으로 가는 길을 안내합니다.                                                
test_451, #Person1# 은 #Person2# 에게 전통 중국 공예품을 소개하고 백단향 부채를 보여줍니다.                                          
test_452, #Person2# 는 #Person1# 에게 회사의 외부 요인과 내부 요인의 중요성에 대해 설명합니다.                                             
test_453, #Person2# 는 #Person1# 에게 오늘 오후 2시에 준비 회의를 시작하자고 제안합니다.                                               
test_454, #Person2# 는 #Person1# 에게 하루 동안 짧은 여행을 추천합니다.                                                   
test_455," #Person1# 은 #Person2# 에게 비프버거, 프렌치프라이, 밀크셰이크, 바나나를 주문합니다.                                    "
test_456, #Person1# 과 #Person2# 는 등불 축제에 대해 이야기하고 있습니다. #Person1# 은 축제 동안 수수께끼를 푸는 전통이 있다고 설명합니다. 그들은 가까이 가서 큰 등불을 보기로 합니다.                         
test_457,"  Tina는 면접 첫 두 라운드를 성공적으로 통과했으며, 다음 주 월요일에 최종 라운드로 갈 예정이다. #Person1# 은 축하의 말을 전한다.                               "
test_458,"  카렌과 팀, 팀 모두 오랜만에 만나 인사를 나누었다.                                                   "
test_459," #Person1# 은 #Person2# 에게 문구류를 사러 갈 때 Julie에게 연락하라고 하고, 사무실에서 일하는 것을 좋아한다고 말합니다. 그들은 보통 부서 회의에서 클라이언트들에 대해 논의합니다.                        "
test_460, #Person1# 은 목욕을 하러 와서 버튼이 너무 많아서 #Person2# 에게 설명서를 요청합니다.                                           
test_461, #Person1# 은 #Person2# 에게 기차에서 시간 때우기 좋은 책 추천을 요청합니다. #Person1# 는 소설과 일본 소설을 추천합니다.                                    
test_462, #Person1# 은 #Person2# 에게 글을 읽지 못하는 새로운 이민자 친구에게 읽기부터 가르치는 것을 제안합니다.                                        
test_463, #Person1# 은 #Person2# 의 티켓을 예약하고 카드로 결제합니다.                                                  
test_464," #Person1# 과 #Person2# 는 오늘 저녁에 냉동 피자를 만들어 먹기로 했습니다. #Person1# 은 치킨 커리 레시피를 소개하고, 먼저 야채 씻고 팬을 달궈야 합니다. 닭고기는 3cm 길이로 얇게 썰어 따로 볶아야 합니다.        "
test_465," #Person1# 은 #Person2# 에게 부스에 있는 두 전화기가 어떻게 다른지 설명합니다. #Person1# 이 수화기를 들고 신호를 기다린 후 번호를 누른 후, 동전을 투입구에 넣은 후 '말하기' 버튼을 누르면 통화가 가능하다고 말합니다.         "
test_467," #Person1# 은 중고 컴퓨터를 구매하려고 하며, #Person2# 는 중고 물건이 새것만큼 좋다고 생각합니다. 톰은 중고 물건을 살 때 조심하라고 조언합니다.                                 "
test_468,"  Morgan은 #Person1# 에게 중국에서는 음식을 적게 주문해서 덜 버리는 전통이 있으며, 남은 음식을 집에 가져가는 것이 더 나을 것 같다고 말합니다. #Person2# 는 족발을 먹어본 경험이 있으며, 가끔은 한 번으로 충분하다고 합니다.           "
test_469,  해리가 중국 길거리 시장에서 물건을 사고 흥정을 하지 않아 바가지를 쓴 적이 있다. 해리는 #Person1# 에게 물건의 가치에 대해 미리 알아보는 것이 중요하다고 조언한다.                            
test_470, #Person2# 는 #Person1# 에게 회사 직원들이 영어를 구사하는 데 능숙하다고 말합니다.                                             
test_471," #Person2# 는 #Person1# 에게 당좌예금과 저축예금을 동시에 개설하고 싶다고 말합니다. #Person2# 의 새 계좌는 ATM 기기에서 사용할 수 있는 카드를 제공하며, 오버드래프트 최대 한도가 최대 $1000입니다. 1% 이자를 지불해야 합니다.         "
test_472," #Person1# 은 #Person2# 에게 설탕 3봉지를 사면 특별 할인 쿠폰을 받을 수 있다고 설명합니다. 유효기간 내에만 사용할 수 있으며, 최소 1년간 사용 가능합니다.                              "
test_473,  Mrs. Robinson은 Steve에게 Johnny를 돌봐줘서 고맙다고 말합니다.                                  
test_474, #Person1# 은 기차표를 도난당했습니다. #Person2# 는 #Person1# 에게 소프트 슬리퍼와 지갑에 대한 정보를 제공합니다.                                   
test_475,"  Ann은 #Person1# 에게 뉴욕에서의 미국 여행에 대해 이야기합니다. #Person2# 는 잡지에서 본 '웰빙 인 더 에어' 프로그램을 통해 뉴욕에 도착했을 때 시차 적응이 잘 되었다고 말합니다. 또한, 비행기에서 샴페인은 미네랄워터보다 훨씬 인기 있었다고 합니다. "
test_476,  Mary는 John의 파티에 가고 싶지만 일자리를 찾지 못해 못 간다. Tom은 맥도날드에서 일하는 부매니저로 여름 동안 일할 사람을 찾고 있다.                        
test_477,  해리는 끔찍한 사고를 겪었다. #Person1# 은 해리가 신문을 읽으며 길을 걸어가길 바란다.                                         
test_478,"  Steven Kayne 씨는 사업가들을 위한 프로그램 '비즈니스 월드'에서 자신이 경주용 자전거를 좋아하고 자전거 고치는 것을 좋아했다고 설명합니다. 그는 은행에서 사업 대출을 받게 되면서 사장이 되는 것이 좋겠다고 생각했으며, 가게 운영 시간을 스스로 결정할 수 있었습니다.       "
test_479," #Person1# 과 #Person2# 는 좋은 중년 부부를 이야기하고 있으며, #Person1# 은 그들이 늙었다고 생각합니다. 그들은 오후 내내 다툽니다.                                    "
test_480," #Person2# 는 #Person1# 에게 저녁 메뉴로 애플 크리스프와 초콜릿 무스 케이크를 주문하고, #Person2# 의 도움으로 포크 네 개와 따뜻한 음료를 준비합니다.                           "
test_481," #Person2# 는 #Person1# 에게 아래층 침대를 가져오라고 제안하고, #Person2# 가 동의하여 창가 책상을 가져가기로 결정합니다. 그들은 함께 다니기로 합니다.                  "
test_482, #Person1# 은 #Person2# 에게 도서관 카드를 발급하고 신청서를 작성하도록 요청합니다.                                    
test_483," #Person1# 과 #Person2# 는 근무 시간과 근무 장소에 대해 이야기합니다. #Person1# 은 초과 근무 수당을 받지 못하지만, 점심시간에 커피 브레이크도 가질 수 있습니다. 두 사람 모두 칸막이 사무실에서 일하는 것을 좋아하지 않습니다.       "
test_484," #Person1# 은 #Person2# 에게 기계에 비누가 들어있지 않도록 해야 한다고 설명합니다. 또한, 세탁은 처음이라 놀리지 말라고 하며, 혼자 사는 것이 힘들다고 말합니다.                "
test_485," #Person1# 은 #Person2# 에게 바빴다고 말하며, 오늘 밤에 전화해달라고 부탁합니다.                                  "
test_486,  Katie는 #Person1# 에게 항상 일할 준비가 되어 있으며 손님이 없을 때 항상 멍하니 서 있는 것을 보라고 조언합니다.                        
test_487," #Person1# 과 #Person2# 는 할아버지 생일 파티에 대해 이야기합니다. #Person1# 은 호텔이 비싸고 야외 파티하기에 춥기 때문에 집에서 하는 것이 좋다고 제안합니다. 그들은 피자, 케이크, 샐러드, 스카프, 책을 준비하기로 결정합니다. "
test_488,  Gina는 신문에서 프리랜서로 일하며 이탈리아 서비스 공급업체에서 일하고 있습니다. 로버트는 그녀를 소개해 줍니다.                         
test_489," #Person2# 는 #Person1# 에게 노스캐롤라이나 산이 17년 주기의 새울음이라 조용하다고 설명합니다. 새들은 주로 산 근처에 있으며, 주로 나무에 있습니다.               "
test_490," #Person2# 는 #Person1# 에게 칠면조 샌드위치와 샐러드, 그리고 다이어트 콜라를 주문합니다.                             "
test_491,  James는 #Person1# 에게 시골에 가서 사진을 찍고 싶어 David가 빌려준 재킷을 준비 중이라고 말한다. #Person2# 는 쿠키는 할머니에게 드리기 위해 만든 것이라고 설명한다.         
test_492,  테드는 아내와 함께 친정으로 휴가를 갈 계획이다.                                         
test_493," #Person2# 는 #Person1# 에게 오늘 오후에 영화관에 가자고 하지만, #Person2# 의 이모 헬렌은 영화에 참석할 수 없습니다. 대신 두 사람은 맥도날드에 가서 맛있는 것을 먹기로 합니다.           "
test_494, #Person1# 은 #Person2# 에게 어젯밤 도둑들이 가구를 도난당했다고 말합니다.                                 
test_495,"  Jack은 Charlie에게 공항에서 픽업해야 해서 비디오 게임을 하자고 제안하고, Came은 숙제를 먼저 끝내면 된다고 한다.                  "
test_496, #Person2# 는 #Person1# 에게 시골 음악에 관심을 가지게 된 계기와 라디오 방송국에서 일하게 된 이유를 설명합니다.                            
test_497,  Alice는 #Person1# 에게 세탁기에 비누가 들어 있지 않다고 설명합니다. #Person2# 는 세탁기가 너무 많이 사용되어 불편함을 느끼지만 배워야 한다고 말합니다.               
test_498,"  Steve는 Matthew에게 임대를 갱신하고 싶지 않아 집을 찾고 있다고 말하며, Mrs. Thou에게 아파트를 보여줄 수 있는지 물어보겠다고 한다.               "
test_499,  Frank는 Betsy에게 승진 파티에 참석할 친구들을 초대하여 파티를 열 계획이라고 알린다.                           
